scenario,strategy,students,tutors,loadFactorWeight,seeds,averageScore,averageScoreStdDev,averageScoreCi95,unassignedPercent,jainFairnessIndex,jainCi95,giniLoad,worstStudentScore,coverage,winsVsEngine,lossesVsEngine,tiesVsEngine,meanDeltaVsEngine,pValueVsEngine,totalScorePerStudent,totalScorePerStudentCi95,totalScorePerStudentWinsVsEngine,totalScorePerStudentLossesVsEngine,totalScorePerStudentTiesVsEngine,totalScorePerStudentMeanDeltaVsEngine,totalScorePerStudentPValueVsEngine,staticTotal,oracleCoverage,oracleStaticTotal,engineCoverageGap,staticTotalRatioVsOracle,staticTotalRatioVsOracleCi95,engineUnplacedA,engineUnplacedB,engineUnplacedC,engineUnplacedD,engineUnplacedE,engineUnplacedShareA,engineUnplacedShareB,engineUnplacedShareC,engineUnplacedShareD,engineUnplacedShareE,engineUnplacedTotal,engineUnplacedReasonMismatches,repairPlacementsGained,repairDisplaced,repairMsP50,repairMsP95,oracleMsP50,oracleMsP95,worstStudentStaticScore,floorTheta,floorCeiling,blockingPairs,blockingPairsPerStudent,blockingPairsReductionVsEngine,blockingPairsWinsVsEngine,blockingPairsLossesVsEngine,blockingPairsTiesVsEngine,blockingPairsPValueVsEngine,stabilityMoves,stabilityMsP50,stabilityMsP95
realistic-1to1,fcfs-filter,50,50,0.05,30,0.522562,0.014654,0.005471,8.60,0.390485,0.014148,0.641868,0.398793,0.914000,0,30,0,-0.067571,<0.0001,0.442734,0.007857,0,30,0,-0.066847,<0.0001,22.136717,0.928667,25.543921,0.000000,0.866874,0.008974,0.000000,0.000000,0.000000,0.000000,0.000000,0.000000,0.000000,0.000000,0.000000,0.000000,0.000000,0.000000,0.000000,0.000000,0.00,0.00,1.99,3.11,0.365868,0.000000,0.000000,66.433333,1.328667,-61.500000,0,30,0,<0.0001,0.000000,0.00,0.00
realistic-1to1,fcfs-best,50,50,0.05,30,0.591581,0.018898,0.007056,8.07,0.490653,0.015085,0.537078,0.443865,0.919333,16,14,0,0.001447,0.8555,0.504993,0.009352,10,20,0,-0.004588,0.0987,25.249661,0.928667,25.543921,0.000000,0.988387,0.004349,0.000000,0.000000,0.000000,0.000000,0.000000,0.000000,0.000000,0.000000,0.000000,0.000000,0.000000,0.000000,0.000000,0.000000,0.00,0.00,1.99,3.11,0.407752,0.000000,0.000000,4.900000,0.098000,0.037037,17,10,3,0.2478,0.000000,0.00,0.00
realistic-1to1,da-stable,50,50,0.05,30,0.594182,0.018646,0.006962,8.93,0.463580,0.013578,0.565003,0.438842,0.910667,17,13,0,0.004048,0.5847,0.503285,0.009038,9,21,0,-0.006296,0.0428,25.164259,0.928667,25.543921,0.000000,0.985154,0.005362,0.000000,0.000000,0.000000,0.000000,0.000000,0.000000,0.000000,0.000000,0.000000,0.000000,0.000000,0.000000,0.000000,0.000000,0.00,0.00,1.99,3.11,0.402054,0.000000,0.000000,0.000000,0.000000,4.933333,30,0,0,<0.0001,0.000000,0.00,0.00
realistic-1to1,greedy-engine,50,50,0.05,30,0.590134,0.018288,0.006828,7.13,0.506026,0.013948,0.521713,0.432974,0.928667,0,0,30,0.000000,1,0.509581,0.008754,0,0,30,0.000000,1,25.479073,0.928667,25.543921,0.000000,0.997463,0.000824,3.000000,0.566667,0.000000,0.000000,0.000000,0.778016,0.188651,0.000000,0.000000,0.000000,3.566667,0.000000,0.766667,1.033333,0.15,0.51,1.99,3.11,0.402581,0.000000,0.000000,4.933333,0.098667,0.000000,0,0,30,1,0.000000,0.00,0.00
realistic-1to1,greedy-engine-stable,50,50,0.05,30,0.588128,0.018618,0.006951,7.13,0.473932,0.013591,0.555354,0.426314,0.928667,0,30,0,-0.002006,<0.0001,0.510115,0.008776,27,3,0,0.000534,<0.0001,25.505754,0.928667,25.543921,0.000000,0.998504,0.000834,0.000000,0.000000,0.000000,0.000000,0.000000,0.000000,0.000000,0.000000,0.000000,0.000000,0.000000,0.000000,0.000000,0.000000,0.00,0.00,1.99,3.11,0.402176,0.000000,0.000000,1.633333,0.032667,3.300000,30,0,0,<0.0001,2.966667,1.74,4.17
realistic-1to1,greedy-engine-norepair,50,50,0.05,30,0.594706,0.019086,0.007126,8.67,0.498894,0.014931,0.528041,0.438184,0.913333,15,0,15,0.009144,<0.0001,0.504089,0.009095,0,15,15,-0.010986,<0.0001,25.204429,0.928667,25.543921,0.000000,0.986707,0.005145,0.000000,0.000000,0.000000,0.000000,0.000000,0.000000,0.000000,0.000000,0.000000,0.000000,0.000000,0.000000,0.000000,0.000000,0.00,0.00,1.99,3.11,0.404909,0.000000,0.000000,3.933333,0.078667,2.000000,14,1,15,0.0010,0.000000,0.00,0.00
realistic-1to1,floor-exact,50,50,0.05,30,0.591471,0.018005,0.006722,7.13,0.470358,0.013102,0.558533,0.446189,0.928667,19,11,0,0.001337,0.2005,0.510878,0.008772,30,0,0,0.001297,<0.0001,25.543921,0.928667,25.543921,0.000000,1.000000,0.000000,0.000000,0.000000,0.000000,0.000000,0.000000,0.000000,0.000000,0.000000,0.000000,0.000000,0.000000,0.000000,0.000000,0.000000,0.00,0.00,1.99,3.11,0.409201,0.402581,0.410117,1.966667,0.039333,2.966667,30,0,0,<0.0001,0.000000,0.00,0.00
realistic-1to1,greedy-engine-static,50,50,0,30,0.578141,0.018780,0.007012,7.13,0.470760,0.013085,0.558834,0.421007,0.928667,0,30,0,-0.011993,<0.0001,0.536717,0.009216,30,0,0,0.027135,<0.0001,26.835841,0.928667,25.543921,0.000000,1.050579,0.000759,0.000000,0.000000,0.000000,0.000000,0.000000,0.000000,0.000000,0.000000,0.000000,0.000000,0.000000,0.000000,0.000000,0.000000,0.00,0.00,1.99,3.11,0.421007,0.000000,0.000000,1.400000,0.028000,3.533333,28,2,0,<0.0001,0.000000,0.00,0.00
realistic-1to1,oracle-exact,50,50,0.05,30,0.000000,0.000000,0.000000,7.13,0.000000,0.000000,0.000000,0.000000,0.928667,0,0,0,0.000000,1,0.510878,0.008772,0,0,0,0.000000,1,25.543921,0.928667,25.543921,0.000000,1.000000,0.000000,0.000000,0.000000,0.000000,0.000000,0.000000,0.000000,0.000000,0.000000,0.000000,0.000000,0.000000,0.000000,0.000000,0.000000,0.00,0.00,1.99,3.11,0.000000,0.000000,0.000000,0.000000,0.000000,0.000000,0,0,0,1,0.000000,0.00,0.00
moderate-1.5to1,fcfs-filter,150,100,0.05,30,0.525763,0.006661,0.002487,3.67,0.505839,0.005001,0.541402,0.373747,0.963333,0,30,0,-0.093965,<0.0001,0.473451,0.005341,0,30,0,-0.098078,<0.0001,71.017644,0.980667,86.330141,0.000000,0.822773,0.006154,0.000000,0.000000,0.000000,0.000000,0.000000,0.000000,0.000000,0.000000,0.000000,0.000000,0.000000,0.000000,0.000000,0.000000,0.00,0.00,18.41,21.52,0.351034,0.000000,0.000000,425.566667,2.837111,-400.133333,0,30,0,<0.0001,0.000000,0.00,0.00
moderate-1.5to1,fcfs-best,150,100,0.05,30,0.619332,0.011172,0.004171,3.24,0.632652,0.011161,0.419520,0.413019,0.967556,14,16,0,-0.000396,0.8555,0.561810,0.006760,0,30,0,-0.009719,<0.0001,84.271562,0.980667,86.330141,0.000000,0.976099,0.002466,0.000000,0.000000,0.000000,0.000000,0.000000,0.000000,0.000000,0.000000,0.000000,0.000000,0.000000,0.000000,0.000000,0.000000,0.00,0.00,18.41,21.52,0.382380,0.000000,0.000000,38.833333,0.258889,-13.400000,1,29,0,<0.0001,0.000000,0.00,0.00
moderate-1.5to1,da-stable,150,100,0.05,30,0.626741,0.010394,0.003881,4.36,0.594246,0.010881,0.456579,0.420404,0.956444,30,0,0,0.007013,<0.0001,0.563346,0.006403,0,30,0,-0.008183,<0.0001,84.501936,0.980667,86.330141,0.000000,0.978826,0.002607,0.000000,0.000000,0.000000,0.000000,0.000000,0.000000,0.000000,0.000000,0.000000,0.000000,0.000000,0.000000,0.000000,0.000000,0.00,0.00,18.41,21.52,0.391756,0.000000,0.000000,0.000000,0.000000,25.433333,30,0,0,<0.0001,0.000000,0.00,0.00
moderate-1.5to1,greedy-engine,150,100,0.05,30,0.619728,0.010512,0.003925,1.93,0.642034,0.011376,0.410425,0.395799,0.980667,0,0,30,0.000000,1,0.571529,0.006248,0,0,30,0.000000,1,85.729395,0.980667,86.330141,0.000000,0.993056,0.001019,1.333333,1.566667,0.000000,0.000000,0.000000,0.340575,0.392758,0.000000,0.000000,0.000000,2.900000,0.000000,3.266667,6.500000,0.57,1.01,18.41,21.52,0.382027,0.000000,0.000000,25.433333,0.169556,0.000000,0,0,30,1,0.000000,0.00,0.00
moderate-1.5to1,greedy-engine-stable,150,100,0.05,30,0.618227,0.010360,0.003868,1.93,0.607111,0.010914,0.445104,0.390640,0.980667,2,28,0,-0.001501,<0.0001,0.572528,0.006301,29,1,0,0.000999,<0.0001,85.879271,0.980667,86.330141,0.000000,0.994785,0.000878,0.000000,0.000000,0.000000,0.000000,0.000000,0.000000,0.000000,0.000000,0.000000,0.000000,0.000000,0.000000,0.000000,0.000000,0.00,0.00,18.41,21.52,0.379314,0.000000,0.000000,11.133333,0.074222,14.300000,30,0,0,<0.0001,10.266667,12.50,16.59
moderate-1.5to1,greedy-engine-norepair,150,100,0.05,30,0.627763,0.010716,0.004001,4.11,0.635528,0.012269,0.415612,0.416648,0.958889,30,0,0,0.008035,<0.0001,0.564553,0.006574,0,30,0,-0.006976,<0.0001,84.682931,0.980667,86.330141,0.000000,0.980893,0.002326,0.000000,0.000000,0.000000,0.000000,0.000000,0.000000,0.000000,0.000000,0.000000,0.000000,0.000000,0.000000,0.000000,0.000000,0.00,0.00,18.41,21.52,0.392191,0.000000,0.000000,15.000000,0.100000,10.433333,30,0,0,<0.0001,0.000000,0.00,0.00
moderate-1.5to1,floor-exact,150,100,0.05,30,0.624488,0.009908,0.003699,1.93,0.606590,0.010101,0.445851,0.423783,0.980667,30,0,0,0.004760,<0.0001,0.575523,0.006369,30,0,0,0.003994,<0.0001,86.328443,0.980667,86.330141,0.000000,0.999980,0.000023,0.000000,0.000000,0.000000,0.000000,0.000000,0.000000,0.000000,0.000000,0.000000,0.000000,0.000000,0.000000,0.000000,0.000000,0.00,0.00,18.41,21.52,0.396063,0.382027,0.405856,19.166667,0.127778,6.482759,23,6,1,0.0023,0.000000,0.00,0.00
moderate-1.5to1,greedy-engine-static,150,100,0,30,0.613227,0.010927,0.004080,1.93,0.603931,0.010837,0.448064,0.402787,0.980667,0,30,0,-0.006502,<0.0001,0.601356,0.006600,30,0,0,0.029827,<0.0001,90.203388,0.980667,86.330141,0.000000,1.044879,0.001256,0.000000,0.000000,0.000000,0.000000,0.000000,0.000000,0.000000,0.000000,0.000000,0.000000,0.000000,0.000000,0.000000,0.000000,0.00,0.00,18.41,21.52,0.402787,0.000000,0.000000,13.066667,0.087111,12.366667,30,0,0,<0.0001,0.000000,0.00,0.00
moderate-1.5to1,oracle-exact,150,100,0.05,30,0.000000,0.000000,0.000000,1.93,0.000000,0.000000,0.000000,0.000000,0.980667,0,0,0,0.000000,1,0.575534,0.006370,0,0,0,0.000000,1,86.330141,0.980667,86.330141,0.000000,1.000000,0.000000,0.000000,0.000000,0.000000,0.000000,0.000000,0.000000,0.000000,0.000000,0.000000,0.000000,0.000000,0.000000,0.000000,0.000000,0.00,0.00,18.41,21.52,0.000000,0.000000,0.000000,0.000000,0.000000,0.000000,0,0,0,1,0.000000,0.00,0.00
moderate-2to1,fcfs-filter,150,75,0.05,30,0.525639,0.008768,0.003274,9.64,0.618470,0.009127,0.439580,0.376992,0.903556,0,30,0,-0.067483,<0.0001,0.444254,0.006169,0,30,0,-0.086293,<0.0001,66.638058,0.947333,80.505186,0.001111,0.827881,0.007120,0.000000,0.000000,0.000000,0.000000,0.000000,0.000000,0.000000,0.000000,0.000000,0.000000,0.000000,0.000000,0.000000,0.000000,0.00,0.00,14.24,15.50,0.352279,0.000000,0.000000,296.833333,1.978889,-263.300000,0,30,0,<0.0001,0.000000,0.00,0.00
moderate-2to1,fcfs-best,150,75,0.05,30,0.598035,0.009889,0.003692,8.80,0.714687,0.009596,0.350019,0.409999,0.912000,26,4,0,0.004913,<0.0001,0.511916,0.006555,0,30,0,-0.018630,<0.0001,76.787417,0.947333,80.505186,0.001111,0.953921,0.005310,0.000000,0.000000,0.000000,0.000000,0.000000,0.000000,0.000000,0.000000,0.000000,0.000000,0.000000,0.000000,0.000000,0.000000,0.00,0.00,14.24,15.50,0.378237,0.000000,0.000000,45.666667,0.304444,-12.551724,4,25,1,0.0001,0.000000,0.00,0.00
moderate-2to1,da-stable,150,75,0.05,30,0.610243,0.009879,0.003688,10.47,0.683510,0.009421,0.379728,0.407621,0.895333,30,0,0,0.017121,<0.0001,0.513924,0.006773,0,30,0,-0.016622,<0.0001,77.088666,0.947333,80.505186,0.001111,0.957626,0.005162,0.000000,0.000000,0.000000,0.000000,0.000000,0.000000,0.000000,0.000000,0.000000,0.000000,0.000000,0.000000,0.000000,0.000000,0.00,0.00,14.24,15.50,0.380557,0.000000,0.000000,0.000000,0.000000,33.533333,30,0,0,<0.0001,0.000000,0.00,0.00
moderate-2to1,greedy-engine,150,75,0.05,30,0.593121,0.010002,0.003735,5.38,0.730152,0.010413,0.336262,0.386099,0.946222,0,0,30,0.000000,1,0.530546,0.006712,0,0,30,0.000000,1,79.581956,0.947333,80.505186,0.001111,0.988556,0.001620,4.066667,4.000000,0.000000,0.000000,0.000000,0.525339,0.441328,0.000000,0.000000,0.000000,8.066667,0.000000,7.033333,15.600000,1.20,1.81,14.24,15.50,0.373943,0.000000,0.000000,33.533333,0.223556,0.000000,0,0,30,1,0.000000,0.00,0.00
moderate-2to1,greedy-engine-stable,150,75,0.05,30,0.593005,0.010048,0.003751,5.38,0.711808,0.010113,0.354278,0.379478,0.946222,12,18,0,-0.000116,0.3616,0.532262,0.006658,28,2,0,0.001715,<0.0001,79.839237,0.947333,80.505186,0.001111,0.991760,0.001192,0.000000,0.000000,0.000000,0.000000,0.000000,0.000000,0.000000,0.000000,0.000000,0.000000,0.000000,0.000000,0.000000,0.000000,0.00,0.00,14.24,15.50,0.371063,0.000000,0.000000,20.200000,0.134667,13.333333,30,0,0,<0.0001,9.566667,10.52,16.85
moderate-2to1,greedy-engine-norepair,150,75,0.05,30,0.610816,0.009835,0.003672,10.07,0.713307,0.010688,0.350664,0.402800,0.899333,30,0,0,0.017695,<0.0001,0.516065,0.007002,0,30,0,-0.014481,<0.0001,77.409749,0.947333,80.505186,0.001111,0.961569,0.004795,0.000000,0.000000,0.000000,0.000000,0.000000,0.000000,0.000000,0.000000,0.000000,0.000000,0.000000,0.000000,0.000000,0.000000,0.00,0.00,14.24,15.50,0.382031,0.000000,0.000000,10.200000,0.068000,23.333333,30,0,0,<0.0001,0.000000,0.00,0.00
moderate-2to1,floor-exact,150,75,0.05,30,0.602613,0.009673,0.003612,5.31,0.712372,0.008434,0.353545,0.415611,0.946889,30,0,0,0.009492,<0.0001,0.536607,0.006868,30,0,0,0.006061,<0.0001,80.491081,0.947333,80.505186,0.001111,0.999828,0.000269,0.000000,0.000000,0.000000,0.000000,0.000000,0.000000,0.000000,0.000000,0.000000,0.000000,0.000000,0.000000,0.000000,0.000000,0.00,0.00,14.24,15.50,0.386643,0.373943,0.397045,24.700000,0.164667,9.137931,27,2,1,<0.0001,0.000000,0.00,0.00
moderate-2to1,greedy-engine-static,150,75,0,30,0.589492,0.010206,0.003811,5.36,0.707842,0.008830,0.357863,0.392976,0.946444,1,29,0,-0.003629,<0.0001,0.557870,0.007107,30,0,0,0.027323,<0.0001,83.680460,0.947333,80.505186,0.001111,1.039458,0.001576,0.000000,0.000000,0.000000,0.000000,0.000000,0.000000,0.000000,0.000000,0.000000,0.000000,0.000000,0.000000,0.000000,0.000000,0.00,0.00,14.24,15.50,0.392976,0.000000,0.000000,26.666667,0.177778,7.103448,27,2,1,<0.0001,0.000000,0.00,0.00
moderate-2to1,oracle-exact,150,75,0.05,30,0.000000,0.000000,0.000000,5.27,0.000000,0.000000,0.000000,0.000000,0.947333,0,0,0,0.000000,1,0.536701,0.006884,0,0,0,0.000000,1,80.505186,0.947333,80.505186,0.000000,1.000000,0.000000,0.000000,0.000000,0.000000,0.000000,0.000000,0.000000,0.000000,0.000000,0.000000,0.000000,0.000000,0.000000,0.000000,0.000000,0.00,0.00,14.24,15.50,0.000000,0.000000,0.000000,0.000000,0.000000,0.000000,0,0,0,1,0.000000,0.00,0.00
moderate-3to1,fcfs-filter,150,50,0.05,30,0.524679,0.010875,0.004060,22.64,0.773040,0.014435,0.297386,0.381612,0.773556,0,30,0,-0.045754,<0.0001,0.380090,0.007468,0,30,0,-0.067249,<0.0001,57.013514,0.825333,68.112869,0.000444,0.836888,0.008791,0.000000,0.000000,0.000000,0.000000,0.000000,0.000000,0.000000,0.000000,0.000000,0.000000,0.000000,0.000000,0.000000,0.000000,0.00,0.00,9.24,11.44,0.358943,0.000000,0.000000,193.866667,1.292444,-151.833333,0,30,0,<0.0001,0.000000,0.00,0.00
moderate-3to1,fcfs-best,150,50,0.05,30,0.574429,0.011821,0.004414,22.09,0.830801,0.012828,0.245268,0.396159,0.779111,19,11,0,0.003996,0.2005,0.420440,0.006925,0,30,0,-0.026899,<0.0001,63.065958,0.825333,68.112869,0.000444,0.925900,0.006534,0.000000,0.000000,0.000000,0.000000,0.000000,0.000000,0.000000,0.000000,0.000000,0.000000,0.000000,0.000000,0.000000,0.000000,0.00,0.00,9.24,11.44,0.370270,0.000000,0.000000,59.566667,0.397111,-17.533333,3,27,0,<0.0001,0.000000,0.00,0.00
moderate-3to1,da-stable,150,50,0.05,30,0.598368,0.012109,0.004521,24.13,0.808315,0.014694,0.266384,0.411258,0.758667,30,0,0,0.027935,<0.0001,0.427511,0.007498,0,30,0,-0.019828,<0.0001,64.126609,0.825333,68.112869,0.000444,0.941402,0.007631,0.000000,0.000000,0.000000,0.000000,0.000000,0.000000,0.000000,0.000000,0.000000,0.000000,0.000000,0.000000,0.000000,0.000000,0.00,0.00,9.24,11.44,0.383811,0.000000,0.000000,0.000000,0.000000,42.033333,30,0,0,<0.0001,0.000000,0.00,0.00
moderate-3to1,greedy-engine,150,50,0.05,30,0.570433,0.016088,0.006007,17.51,0.852082,0.011961,0.225843,0.380234,0.824889,0,0,30,0.000000,1,0.447339,0.006613,0,0,30,0.000000,1,67.100799,0.825333,68.112869,0.000444,0.985170,0.002101,10.066667,16.200000,0.000000,0.000000,0.000000,0.384123,0.615877,0.000000,0.000000,0.000000,26.266667,0.000000,9.433333,22.000000,2.27,3.21,9.24,11.44,0.372528,0.000000,0.000000,42.033333,0.280222,0.000000,0,0,30,1,0.000000,0.00,0.00
moderate-3to1,greedy-engine-stable,150,50,0.05,30,0.571736,0.015843,0.005915,17.51,0.844949,0.012561,0.232247,0.370556,0.824889,20,10,0,0.001303,0.0987,0.449558,0.006511,29,1,0,0.002219,<0.0001,67.433677,0.825333,68.112869,0.000444,0.990086,0.001518,0.000000,0.000000,0.000000,0.000000,0.000000,0.000000,0.000000,0.000000,0.000000,0.000000,0.000000,0.000000,0.000000,0.000000,0.00,0.00,9.24,11.44,0.364849,0.000000,0.000000,28.166667,0.187778,13.866667,30,0,0,<0.0001,8.300000,9.02,15.09
moderate-3to1,greedy-engine-norepair,150,50,0.05,30,0.598267,0.011891,0.004440,23.80,0.823309,0.011766,0.252884,0.400704,0.762000,30,0,0,0.027833,<0.0001,0.429106,0.007199,0,30,0,-0.018232,<0.0001,64.365924,0.825333,68.112869,0.000444,0.944974,0.007172,0.000000,0.000000,0.000000,0.000000,0.000000,0.000000,0.000000,0.000000,0.000000,0.000000,0.000000,0.000000,0.000000,0.000000,0.00,0.00,9.24,11.44,0.381784,0.000000,0.000000,5.333333,0.035556,36.700000,30,0,0,<0.0001,0.000000,0.00,0.00
moderate-3to1,floor-exact,150,50,0.05,30,0.584296,0.013584,0.005072,17.47,0.845086,0.011838,0.232214,0.415174,0.825333,30,0,0,0.013863,<0.0001,0.454058,0.006813,30,0,0,0.006719,<0.0001,68.108698,0.825333,68.112869,0.000444,0.999938,0.000096,0.000000,0.000000,0.000000,0.000000,0.000000,0.000000,0.000000,0.000000,0.000000,0.000000,0.000000,0.000000,0.000000,0.000000,0.00,0.00,9.24,11.44,0.384806,0.372528,0.396635,27.866667,0.185778,14.166667,28,2,0,<0.0001,0.000000,0.00,0.00
moderate-3to1,greedy-engine-static,150,50,0,30,0.570718,0.014956,0.005584,17.51,0.845281,0.012880,0.231504,0.389486,0.824889,17,13,0,0.000285,0.5847,0.470425,0.006869,30,0,0,0.023086,<0.0001,70.563743,0.825333,68.112869,0.000444,1.036033,0.002155,0.000000,0.000000,0.000000,0.000000,0.000000,0.000000,0.000000,0.000000,0.000000,0.000000,0.000000,0.000000,0.000000,0.000000,0.00,0.00,9.24,11.44,0.389486,0.000000,0.000000,40.666667,0.271111,1.413793,20,9,1,0.0614,0.000000,0.00,0.00
moderate-3to1,oracle-exact,150,50,0.05,30,0.000000,0.000000,0.000000,17.47,0.000000,0.000000,0.000000,0.000000,0.825333,0,0,0,0.000000,1,0.454086,0.006809,0,0,0,0.000000,1,68.112869,0.825333,68.112869,0.000000,1.000000,0.000000,0.000000,0.000000,0.000000,0.000000,0.000000,0.000000,0.000000,0.000000,0.000000,0.000000,0.000000,0.000000,0.000000,0.000000,0.00,0.00,9.24,11.44,0.000000,0.000000,0.000000,0.000000,0.000000,0.000000,0,0,0,1,0.000000,0.00,0.00
stress-10to1,fcfs-filter,1000,100,0.05,30,0.524025,0.005422,0.002024,75.00,0.833333,0.000000,0.250000,0.373626,0.250000,0,30,0,-0.182407,<0.0001,0.122590,0.000506,0,30,0,-0.045602,<0.0001,122.590391,0.000000,0.000000,0.000000,0.000000,0.000000,0.000000,0.000000,0.000000,0.000000,0.000000,0.000000,0.000000,0.000000,0.000000,0.000000,0.000000,0.000000,0.000000,0.000000,0.00,0.00,0.00,0.00,0.349694,0.000000,0.000000,3931.100000,3.931100,-3927.766667,0,30,0,<0.0001,0.000000,0.00,0.00
stress-10to1,fcfs-best,1000,100,0.05,30,0.582244,0.008367,0.003124,75.00,0.833333,0.000000,0.250000,0.377380,0.250000,0,30,0,-0.124187,<0.0001,0.137145,0.000781,0,30,0,-0.031047,<0.0001,137.145213,0.000000,0.000000,0.000000,0.000000,0.000000,0.000000,0.000000,0.000000,0.000000,0.000000,0.000000,0.000000,0.000000,0.000000,0.000000,0.000000,0.000000,0.000000,0.000000,0.00,0.00,0.00,0.00,0.355908,0.000000,0.000000,2280.100000,2.280100,-2276.766667,0,30,0,<0.0001,0.000000,0.00,0.00
stress-10to1,da-stable,1000,100,0.05,30,0.706051,0.007216,0.002694,75.00,0.833333,0.000000,0.250000,0.481895,0.250000,7,23,0,-0.000381,0.0052,0.168097,0.000674,6,24,0,-0.000095,0.0014,168.096930,0.000000,0.000000,0.000000,0.000000,0.000000,0.000000,0.000000,0.000000,0.000000,0.000000,0.000000,0.000000,0.000000,0.000000,0.000000,0.000000,0.000000,0.000000,0.000000,0.00,0.00,0.00,0.00,0.468630,0.000000,0.000000,0.000000,0.000000,3.333333,30,0,0,<0.0001,0.000000,0.00,0.00
stress-10to1,greedy-engine,1000,100,0.05,30,0.706432,0.007068,0.002639,75.00,0.833333,0.000000,0.250000,0.482572,0.250000,0,0,30,0.000000,1,0.168192,0.000660,0,0,30,0.000000,1,168.192073,0.000000,0.000000,0.000000,0.000000,0.000000,11.266667,738.733333,0.000000,0.000000,0.000000,0.015022,0.984978,0.000000,0.000000,0.000000,750.000000,0.000000,0.000000,0.000000,0.19,0.29,0.00,0.00,0.469588,0.000000,0.000000,3.333333,0.003333,0.000000,0,0,30,1,0.000000,0.00,0.00
stress-10to1,greedy-engine-stable,1000,100,0.05,30,0.706337,0.007092,0.002648,75.00,0.833333,0.000000,0.250000,0.482572,0.250000,1,6,23,-0.000406,0.1250,0.168186,0.000660,3,4,23,-0.000024,1,168.186462,0.000000,0.000000,0.000000,0.000000,0.000000,0.000000,0.000000,0.000000,0.000000,0.000000,0.000000,0.000000,0.000000,0.000000,0.000000,0.000000,0.000000,0.000000,0.000000,0.00,0.00,0.00,0.00,0.469588,0.000000,0.000000,3.000000,0.003000,1.428571,7,0,23,0.0156,0.300000,66.83,78.52
stress-10to1,greedy-engine-norepair,1000,100,0.05,30,0.706432,0.007068,0.002639,75.00,0.833333,0.000000,0.250000,0.482572,0.250000,0,0,30,0.000000,1,0.168192,0.000660,0,0,30,0.000000,1,168.192073,0.000000,0.000000,0.000000,0.000000,0.000000,0.000000,0.000000,0.000000,0.000000,0.000000,0.000000,0.000000,0.000000,0.000000,0.000000,0.000000,0.000000,0.000000,0.000000,0.00,0.00,0.00,0.00,0.469588,0.000000,0.000000,3.333333,0.003333,0.000000,0,0,30,1,0.000000,0.00,0.00
stress-10to1,floor-exact,1000,100,0.05,30,0.709089,0.006917,0.002583,75.00,0.833333,0.000000,0.250000,0.508695,0.250000,30,0,0,0.002657,<0.0001,0.168856,0.000646,30,0,0,0.000664,<0.0001,168.856340,0.000000,0.000000,0.000000,0.000000,0.000000,0.000000,0.000000,0.000000,0.000000,0.000000,0.000000,0.000000,0.000000,0.000000,0.000000,0.000000,0.000000,0.000000,0.000000,0.00,0.00,0.00,0.00,0.482562,0.469588,0.489518,18.266667,0.018267,-14.933333,0,30,0,<0.0001,0.000000,0.00,0.00
stress-10to1,greedy-engine-static,1000,100,0,30,0.707829,0.007526,0.002810,75.00,0.833333,0.000000,0.250000,0.494303,0.250000,30,0,0,0.001397,<0.0001,0.176957,0.000703,30,0,0,0.008765,<0.0001,176.957230,0.000000,0.000000,0.000000,0.000000,0.000000,0.000000,0.000000,0.000000,0.000000,0.000000,0.000000,0.000000,0.000000,0.000000,0.000000,0.000000,0.000000,0.000000,0.000000,0.00,0.00,0.00,0.00,0.494303,0.000000,0.000000,0.000000,0.000000,3.333333,30,0,0,<0.0001,0.000000,0.00,0.00
