scenario,step,theta,engineFloor,ceiling,engineCoverage,coverage,engineTotalScorePerStudent,totalScorePerStudent,worstScore,seeds,solveMsP50,solveMsP95,ceilingMsP50,ceilingMsP95
realistic-1to1,0,0.401349,0.401349,0.410773,0.932000,0.932000,0.513088,0.514806,0.410773,10,1.07,1.82,8.50,54.56
realistic-1to1,1,0.403705,0.401349,0.410773,0.932000,0.932000,0.513088,0.514806,0.410773,10,1.07,1.65,8.50,54.56
realistic-1to1,2,0.406061,0.401349,0.410773,0.932000,0.932000,0.513088,0.514806,0.410773,10,1.01,1.47,8.50,54.56
realistic-1to1,3,0.408417,0.401349,0.410773,0.932000,0.932000,0.513088,0.514806,0.410773,10,0.96,1.35,8.50,54.56
realistic-1to1,4,0.410773,0.401349,0.410773,0.932000,0.932000,0.513088,0.514806,0.410773,10,0.92,1.37,8.50,54.56
moderate-1.5to1,0,0.385577,0.385577,0.407091,0.982000,0.982000,0.573230,0.577194,0.398032,10,13.13,17.21,145.07,151.76
moderate-1.5to1,1,0.390955,0.385577,0.407091,0.982000,0.982000,0.573230,0.577134,0.402685,10,12.57,16.02,145.07,151.76
moderate-1.5to1,2,0.396334,0.385577,0.407091,0.982000,0.982000,0.573230,0.577105,0.403609,10,13.15,20.84,145.07,151.76
moderate-1.5to1,3,0.401712,0.385577,0.407091,0.982000,0.982000,0.573230,0.577086,0.406545,10,13.15,22.11,145.07,151.76
moderate-1.5to1,4,0.407091,0.385577,0.407091,0.982000,0.982000,0.573230,0.577077,0.407091,10,14.25,25.60,145.07,151.76
moderate-2to1,0,0.379308,0.379308,0.400603,0.942667,0.942667,0.529646,0.535768,0.393137,10,8.49,10.17,81.50,97.09
moderate-2to1,1,0.384632,0.379308,0.400603,0.942667,0.942667,0.529646,0.535757,0.396472,10,7.96,12.02,81.50,97.09
moderate-2to1,2,0.389956,0.379308,0.400603,0.942667,0.942667,0.529646,0.535757,0.396472,10,8.47,12.96,81.50,97.09
moderate-2to1,3,0.395279,0.379308,0.400603,0.942667,0.942667,0.529646,0.535737,0.399893,10,7.91,10.82,81.50,97.09
moderate-2to1,4,0.400603,0.379308,0.400603,0.942667,0.942667,0.529646,0.535684,0.400603,10,7.37,10.11,81.50,97.09
moderate-3to1,0,0.371549,0.371549,0.393147,0.823333,0.823333,0.443434,0.449577,0.385814,10,5.59,10.51,50.88,79.64
moderate-3to1,1,0.376948,0.371549,0.393147,0.823333,0.823333,0.443434,0.449577,0.385814,10,5.01,10.10,50.88,79.64
moderate-3to1,2,0.382348,0.371549,0.393147,0.823333,0.823333,0.443434,0.449524,0.388419,10,4.76,18.58,50.88,79.64
moderate-3to1,3,0.387747,0.371549,0.393147,0.823333,0.823333,0.443434,0.449419,0.391872,10,4.84,11.05,50.88,79.64
moderate-3to1,4,0.393147,0.371549,0.393147,0.823333,0.823333,0.443434,0.449366,0.393147,10,5.15,7.18,50.88,79.64
stress-10to1,0,0.464798,0.464798,0.481894,0.250000,0.250000,0.168179,0.168282,0.469492,10,34.44,38.86,371.67,422.19
stress-10to1,1,0.469072,0.464798,0.481894,0.250000,0.250000,0.168179,0.168213,0.476330,10,30.61,65.57,371.67,422.19
stress-10to1,2,0.473346,0.464798,0.481894,0.250000,0.250000,0.168179,0.168194,0.479155,10,31.80,49.02,371.67,422.19
stress-10to1,3,0.477620,0.464798,0.481894,0.250000,0.250000,0.168179,0.168182,0.480373,10,29.48,44.35,371.67,422.19
stress-10to1,4,0.481894,0.464798,0.481894,0.250000,0.250000,0.168179,0.168152,0.481894,10,30.20,50.54,371.67,422.19
